HG00271	FIN
HG00276	FIN
HG00288	FIN
HG00290	FIN
HG00308	FIN
HG00310	FIN
HG00315	FIN
HG00327	FIN
HG00334	FIN
HG00339	FIN
HG00341	FIN
HG00346	FIN
HG00353	FIN
HG00358	FIN
HG00360	FIN
HG00365	FIN
HG00372	FIN
HG00132	GBR
HG00137	GBR
HG00149	GBR
HG00151	GBR
HG00182	FIN
HG00187	FIN
HG00136	GBR
HG00233	GBR
HG00143	GBR
HG00238	GBR
HG00148	GBR
HG00240	GBR
HG00150	GBR
HG00245	GBR
HG00155	GBR
HG00252	GBR
HG00174	FIN
HG00257	GBR
HG00179	FIN
HG00264	GBR
HG00181	FIN
HG00269	FIN
HG00186	FIN
HG00232	GBR
HG00384	FIN
HG00237	GBR
HG00404	CHS
HG00244	GBR
HG00409	CHS
HG00251	GBR
HG00423	CHS
HG00256	GBR
HG00428	CHS
HG00263	GBR
HG00442	CHS
HG00268	FIN
HG00447	CHS
HG00383	FIN
HG00459	CHS
HG00403	CHS
HG00473	CHS
HG00408	CHS
HG00410	CHS
HG00101	GBR
HG00422	CHS
HG00106	GBR
HG00427	CHS
HG00113	GBR
HG00446	CHS
HG00118	GBR
HG00453	CHS
HG00120	GBR
HG00458	CHS
HG00125	GBR
HG00465	CHS
HG00472	CHS
HG00275	FIN
HG00282	FIN
HG00319	FIN
HG00478	CHS
HG00321	FIN
HG00480	CHS
HG00326	FIN
HG00500	CHS
HG00338	FIN
HG00512	CHS
HG00345	FIN
HG00524	CHS
HG00357	FIN
HG00531	CHS
HG00364	FIN
HG00536	CHS
HG00369	FIN
HG00543	CHS
HG00371	FIN
HG00555	PUR
HG00376	FIN
HG00567	CHS
HG00097	GBR
HG00579	CHS
HG00100	GBR
HG00581	CHS
HG00105	GBR
HG00733	PUR
HG00112	GBR
HG00738	PUR
HG00117	GBR
HG00740	PUR
HG00978	CDX
HG00129	GBR
HG01142	CLM
HG00131	GBR
HG01161	PUR
HG01173	PUR
HG01178	PUR
HG01192	PUR
HG01197	PUR
HG01200	PUR
HG00477	CHS
HG01205	PUR
HG00530	CHS
HG01243	PUR
HG00535	CHS
HG01248	PUR
HG00542	CHS
HG01250	CLM
HG00554	PUR
HG00651	CHS
HG00559	CHS
HG00656	CHS
HG00561	CHS
HG00663	CHS
HG00566	CHS
HG00675	CHS
HG00578	CHS
HG00694	CHS
HG00580	CHS
HG00699	CHS
HG00585	CHS
HG00702	CHS
HG00707	CHS
HG00732	PUR
HG00593	CHS
HG00737	PUR
HG00598	CHS
HG00864	CDX
HG00613	CHS
HG00650	CHS
HG00620	CHS
HG00655	CHS
HG00625	CHS
HG00662	CHS
HG00632	CHS
HG00674	CHS
HG00637	PUR
HG00693	CHS
HG01089	PUR
HG00698	CHS
HG01096	PUR
HG00701	CHS
HG01104	PUR
HG00706	CHS
HG01109	PUR
HG01141	CLM
HG01111	PUR
HG01172	PUR
HG01177	PUR
HG01130	CLM
HG01184	PUR
HG01135	CLM
HG01189	PUR
HG01046	CDX
HG01191	PUR
HG01053	PUR
HG01204	PUR
HG01058	PUR
HG01242	PUR
HG01060	PUR
HG01247	PUR
HG01072	PUR
HG01088	PUR
HG01077	PUR
HG01084	PUR
HG01095	PUR
HG01325	PUR
HG01103	PUR
HG01344	CLM
HG01108	PUR
HG01349	CLM
HG01110	PUR
HG01351	CLM
HG01122	CLM
HG01356	CLM
HG01134	CLM
HG01363	CLM
HG01139	CLM
HG01255	CLM
HG00592	CHS
HG01274	CLM
HG00597	CHS
HG01279	CLM
HG01281	CLM
HG00612	CHS
HG01286	PUR
HG00629	CHS
HG01414	PUR
HG00631	CHS
HG01433	CLM
HG00636	CHS
HG01438	CLM
HG01312	PUR
HG01440	CLM
HG01343	CLM
HG01348	CLM
HG01457	CLM
HG01350	CLM
HG01464	CLM
HG01355	CLM
HG01503	IBS
HG01362	CLM
HG01508	IBS
HG01367	CLM
HG01510	IBS
HG01254	CLM
HG01515	IBS
HG01259	CLM
HG01522	IBS
HG01261	CLM
HG01527	IBS
HG01273	CLM
HG01596	KHV
HG01278	CLM
HG01604	IBS
HG01280	CLM
HG01609	IBS
HG01305	PUR
HG01611	IBS
HG01052	PUR
HG01565	PEL
HG01064	PUR
HG01572	PEL
HG01069	PUR
HG01577	PEL
HG01071	PUR
HG01589	PJL
HG01083	PUR
HG01538	IBS
HG01552	CLM
HG01488	CLM
HG01571	PEL
HG01490	CLM
HG01583	PJL
HG01495	CLM
HG01616	IBS
HG01413	PUR
HG01623	IBS
HG01432	CLM
HG01628	IBS
HG01437	CLM
HG01630	IBS
HG01444	CLM
HG01673	IBS
HG01456	CLM
HG01678	IBS
HG01463	CLM
HG01680	IBS
HG01502	IBS
HG01685	IBS
HG01507	IBS
HG01697	IBS
HG01514	IBS
HG01700	IBS
HG01519	IBS
HG01375	CLM
HG01521	IBS
HG01526	IBS
HG01402	PUR
HG01704	IBS
HG01705	IBS
HG01709	IBS
HG01748	IBS
HG01711	IBS
HG01755	IBS
HG01747	IBS
HG01762	IBS
HG01761	IBS
HG02006	PEL
HG01766	IBS
HG02013	ACB
HG01374	CLM
HG02018	KHV
HG01379	CLM
HG02020	KHV
HG01393	PUR
HG02025	KHV
HG01398	PUR
HG02032	KHV
HG01468	CLM
HG02049	KHV
HG02051	ACB
HG02056	KHV
HG01494	CLM
HG02068	KHV
HG01499	CLM
HG02070	KHV
HG01595	KHV
HG02075	KHV
HG01603	IBS
HG01863	KHV
HG01608	IBS
HG01868	KHV
HG01610	IBS
HG01870	KHV
HG01615	IBS
HG01882	ACB
HG01622	IBS
HG01887	ACB
HG01627	IBS
HG01894	ACB
HG01672	IBS
HG01914	ACB
HG01677	IBS
HG01919	PEL
HG01684	IBS
HG01921	PEL
HG01696	IBS
HG01926	PEL
HG02012	ACB
HG01933	PEL
HG02017	KHV
HG01938	PEL
HG02024	KHV
HG01940	PEL
HG02029	KHV
HG01945	PEL
HG02031	KHV
HG01767	IBS
HG02048	KHV
HG01774	IBS
HG02050	KHV
HG01779	IBS
HG02055	ACB
HG01781	IBS
HG02067	KHV
HG01786	IBS
HG02074	KHV
HG01983	PEL
HG02079	KHV
HG01988	ACB
HG01949	PEL
HG01990	ACB
HG01951	PEL
HG01956	ACB
HG01952	PEL
HG01968	PEL
HG01969	PEL
HG01970	PEL
HG01971	PEL
HG01975	PEL
HG01976	PEL
HG01862	KHV
HG01798	CDX
HG01867	KHV
HG01801	CDX
HG01874	KHV
HG01806	CDX
HG01879	ACB
HG01813	CDX
HG01881	ACB
HG01844	KHV
HG01886	ACB
HG01849	KHV
HG01925	PEL
HG01851	KHV
HG01932	PEL
HG02234	IBS
HG01937	PEL
HG02239	IBS
HG01944	PEL
HG02253	PEL
HG01893	PEL
HG02258	ACB
HG01898	PEL
HG02260	PEL
HG01918	PEL
HG02265	PEL
HG01920	PEL
HG02188	CDX
HG01773	IBS
HG02190	CDX
HG01778	IBS
HG02215	GBR
HG01780	IBS
HG02222	IBS
HG01785	IBS
HG02145	ACB
HG01817	CDX
HG02152	CDX
HG01843	KHV
HG02164	CDX
HG01848	KHV
HG01850	KHV
HG01855	KHV
HG02082	KHV
HG01982	PEL
HG02087	KHV
HG01987	ACB
HG02102	PEL
HG01797	CDX
HG02107	ACB
HG01800	CDX
HG02304	PEL
HG01805	CDX
HG02309	ACB
HG01812	CDX
HG02316	ACB
HG02081	KHV
HG02323	ACB
HG02086	KHV
HG02330	ACB
HG02106	PEL
HG02121	KHV
HG02113	KHV
HG02126	KHV
HG02334	ACB
HG02133	KHV
HG02339	ACB
HG02138	KHV
HG02353	CDX
HG02140	KHV
HG02272	PEL
HG02360	CDX
HG02277	PEL
HG02284	ACB
HG02233	IBS
HG02291	PEL
HG02238	IBS
HG02240	IBS
HG02373	CDX
HG02252	PEL
HG02380	CDX
HG02257	ACB
HG02385	CDX
HG02144	ACB
HG02392	CDX
HG02151	CDX
HG02397	CDX
HG02156	CDX
HG02549	ACB
HG02563	GWD
HG02568	GWD
HG02303	PEL
HG02570	GWD
HG02308	ACB
HG02575	GWD
HG02315	ACB
HG02582	GWD
HG02322	ACB
HG02587	GWD
HG02271	PEL
HG02594	GWD
HG02283	ACB
HG02784	PJL
HG02789	PJL
HG02182	CDX
HG02791	PJL
HG02187	CDX
HG02804	GWD
HG02219	IBS
HG02809	GWD
HG02221	IBS
HG02811	GWD
HG02816	GWD
HG02384	CDX
HG02455	ACB
HG02389	CDX
HG02462	GWD
HG02391	CDX
HG02479	ACB
HG02396	CDX
HG02481	ACB
HG02120	KHV
HG02132	KHV
HG02493	PJL
HG02137	KHV
HG02688	PJL
HG02733	PJL
HG02690	PJL
HG02738	PJL
HG02703	GWD
HG02757	GWD
HG02715	GWD
HG02764	GWD
HG02722	GWD
HG02769	GWD
HG02727	PJL
HG02771	GWD
HG02602	PJL
HG02776	PJL
HG02614	GWD
HG02783	PJL
HG02621	GWD
HG02461	GWD
HG02645	GWD
HG02466	GWD
HG02652	PJL
HG02734	PJL
HG02485	ACB
HG02760	GWD
HG02492	PJL
HG02772	GWD
HG02788	PJL
HG02657	PJL
HG02790	PJL
HG02676	GWD
HG02808	GWD
HG02683	PJL
HG02810	GWD
HG02501	ACB
HG02815	GWD
HG02513	KHV
HG02555	ACB
HG02525	KHV
HG02562	GWD
HG02537	ACB
HG02574	GWD
HG02429	ACB
HG02586	GWD
HG02601	PJL
HG02450	ACB
HG02613	GWD
HG02854	GWD
HG02620	GWD
HG02861	GWD
HG02625	GWD
HG02878	GWD
HG02644	GWD
HG02880	GWD
HG02649	PJL
HG02885	GWD
HG02651	PJL
HG02892	GWD
HG02656	PJL
HG02897	GWD
HG02668	GWD
HG02924	ESN
HG02675	GWD
HG02943	ESN
HG02682	PJL
HG02979	ESN
HG02687	PJL
HG02981	ESN
HG02694	PJL
HG03009	BEB
HG02699	PJL
HG03016	PJL
HG02702	GWD
HG02721	GWD
HG03028	GWD
HG02726	PJL
HG03035	GWD
HG02497	ACB
HG03047	GWD
HG02505	ACB
HG03078	MSL
HG02512	KHV
HG02524	KHV
HG03085	MSL
HG02536	ACB
HG03097	MSL
HG02409	CDX
HG03100	ESN
HG03105	ESN
HG02442	ACB
HG03237	PJL
HG02839	GWD
HG03249	GWD
HG02841	GWD
HG03251	GWD
HG02853	GWD
HG03268	ESN
HG02860	GWD
HG03270	ESN
HG02884	GWD
HG03054	MSL
HG02889	GWD
HG02891	GWD
HG03061	MSL
HG02896	GWD
HG03066	MSL
HG02923	ESN
HG03073	MSL
HG03112	ESN
HG03212	MSL
HG03117	ESN
HG03224	MSL
HG03124	ESN
HG03229	PJL
HG03129	ESN
HG03236	PJL
HG03131	ESN
HG03248	GWD
HG03193	ESN
HG03250	GWD
HG03198	ESN
HG03027	GWD
HG03225	MSL
HG03034	GWD
HG03136	ESN
HG03039	GWD
HG03162	ESN
HG03041	GWD
HG03046	GWD
HG02948	ESN
HG02974	ESN
HG03058	MSL
HG03369	ESN
HG03060	MSL
HG03371	ESN
HG03065	MSL
HG03376	MSL
HG03072	MSL
HG03077	MSL
HG03388	MSL
HG03084	MSL
HG03091	MSL
HG03484	MSL
HG03096	MSL
HG03489	PJL
HG02978	ESN
HG03491	PJL
HG02980	ESN
HG03511	ESN
HG03008	BEB
HG03516	ESN
HG03015	PJL
HG03617	BEB
HG03022	PJL
HG03624	PJL
HG03128	ESN
HG03629	PJL
HG03130	ESN
HG03631	PJL
HG03135	ESN
HG03636	PJL
HG03159	ESN
HG03161	ESN
HG03410	MSL
HG03439	MSL
HG03109	ESN
HG03446	MSL
HG03111	ESN
HG03453	MSL
HG03116	ESN
HG03458	MSL
HG03123	ESN
HG03460	MSL
HG02947	ESN
HG02954	ESN
HG03472	MSL
HG02966	ESN
HG02973	ESN
HG03547	MSL
HG03166	ESN
HG03559	MSL
HG03197	ESN
HG03578	MSL
HG03200	ESN
HG03294	ESN
HG03515	ESN
HG03299	ESN
HG03522	ESN
HG03302	ESN
HG03539	GWD
HG03307	ESN
HG03558	MSL
HG03585	BEB
HG03565	MSL
HG03600	BEB
HG03452	MSL
HG03605	BEB
HG03457	MSL
HG03314	ESN
HG03464	MSL
HG03352	ESN
HG03469	MSL
HG03787	ITU
HG03794	BEB
HG03476	MSL
HG03799	BEB
HG03488	PJL
HG03802	BEB
HG03490	PJL
HG03807	BEB
HG03732	ITU
HG03744	STU
HG03394	MSL
HG03756	STU
HG03869	ITU
HG03871	ITU
HG03419	MSL
HG03433	MSL
HG03888	STU
HG03438	MSL
HG03890	STU
HG03445	MSL
HG03895	STU
HG03572	MSL
HG03643	STU
HG03577	MSL
HG03650	PJL
HG03584	MSL
HG03667	PJL
HG03589	BEB
HG03679	STU
HG03596	BEB
HG03681	STU
HG03267	ESN
HG03706	PJL
HG03279	ESN
HG03713	ITU
HG03718	ITU
HG03298	ESN
HG03720	ITU
HG03301	ESN
HG03725	ITU
HG03363	ESN
HG03838	STU
HG03368	ESN
HG03370	ESN
HG03382	MSL
HG03857	STU
HG03306	ESN
HG03864	ITU
HG03313	ESN
HG03763	PJL
HG03344	ESN
HG03770	ITU
HG03351	ESN
HG03775	ITU
HG03604	BEB
HG03782	ITU
HG03611	BEB
HG03686	STU
HG03616	BEB
HG03693	STU
HG03779	ITU
HG03698	STU
HG03781	ITU
HG03701	PJL
HG03786	ITU
HG03814	BEB
HG03793	BEB
HG03821	BEB
HG03798	BEB
HG03826	BEB
HG03801	BEB
HG03833	BEB
HG03832	BEB
HG04076	ITU
HG03837	STU
HG04090	ITU
HG03844	STU
HG04115	STU
HG03849	STU
HG04122	STU
HG03851	STU
HG04127	STU
HG03856	STU
HG04134	BEB
HG03697	STU
HG04204	STU
HG03700	PJL
HG04209	ITU
HG03705	PJL
HG04211	ITU
HG03717	ITU
HG04216	ITU
HG03755	STU
HG04228	STU
HG03762	PJL
HG04235	ITU
HG03767	PJL
HG03774	ITU
HG03908	BEB
HG03635	PJL
HG03910	BEB
HG03642	STU
HG03915	BEB
HG03654	PJL
HG03922	BEB
HG03863	ITU
HG04141	BEB
HG03868	ITU
HG04146	BEB
HG03870	ITU
HG04153	BEB
HG03875	ITU
HG04158	BEB
HG03882	ITU
HG04160	BEB
HG03887	STU
HG03953	STU
HG03673	STU
HG03960	ITU
HG03680	STU
HG03965	ITU
HG03685	STU
HG03692	STU
HG03977	ITU
HG03729	ITU
HG03989	STU
HG03731	ITU
HG03991	STU
HG03736	STU
HG04002	ITU
HG03743	STU
HG04014	ITU
HG03750	STU
HG04019	ITU
HG03806	BEB
HG04026	ITU
HG04033	STU
HG03825	BEB
HG04177	BEB
HG04063	ITU
HG04184	BEB
HG04070	ITU
HG04189	BEB
HG04075	STU
HG04191	BEB
HG04094	ITU
HG03927	BEB
HG04099	STU
HG03934	BEB
HG04107	STU
HG03941	BEB
HG04038	STU
HG03990	STU
HG03995	STU
NA12828	CEU
HG04001	ITU
NA12830	CEU
HG04006	STU
NA12842	CEU
HG04018	ITU
NA12873	CEU
HG04020	ITU
NA12878	CEU
HG03894	STU
NA12892	CEU
HG03899	STU
NA18484	YRI
HG03902	BEB
NA18489	YRI
HG03907	BEB
NA18504	YRI
HG03914	BEB
HG04195	BEB
NA18511	YRI
NA18516	YRI
HG04210	STU
NA10860	CEU
HG04215	STU
NA10865	CEU
HG04164	BEB
NA11832	CEU
HG04171	BEB
NA11882	CEU
HG04176	BEB
NA11894	CEU
HG04183	BEB
NA11919	CEU
HG04188	BEB
NA11933	CEU
HG04133	BEB
NA11995	CEU
HG04140	BEB
NA12006	CEU
HG04152	BEB
NA12044	CEU
HG04157	BEB
NA12056	CEU
HG03919	BEB
NA12145	CEU
HG03926	BEB
NA12234	CEU
HG03940	BEB
NA12239	CEU
HG03945	STU
NA12272	CEU
HG03969	ITU
NA18523	YRI
HG03971	ITU
NA18528	CHB
HG03976	ITU
NA18530	CHB
HG04025	ITU
NA18535	CHB
NA18542	CHB
HG04056	ITU
NA18547	CHB
NA18503	YRI
NA18559	CHB
NA18508	YRI
NA18561	CHB
NA18510	YRI
NA18566	CHB
NA18515	YRI
NA18573	CHB
NA18522	YRI
NA18592	CHB
NA18597	CHB
NA18534	CHB
NA18605	CHB
NA18539	CHB
NA18612	CHB
NA18541	CHB
NA18617	CHB
NA18546	CHB
NA18624	CHB
NA18553	CHB
NA18876	YRI
NA18558	CHB
NA18908	YRI
NA18560	CHB
NA18910	YRI
NA18565	CHB
NA18915	YRI
NA18572	CHB
NA18934	YRI
NA18933	YRI
NA18939	JPT
NA18940	JPT
NA18941	JPT
NA18945	JPT
NA18946	JPT
NA18952	JPT
NA18953	JPT
NA18957	JPT
NA18960	JPT
NA18964	JPT
NA18629	CHB
NA18969	JPT
NA18631	CHB
NA18971	JPT
NA18636	CHB
NA18976	JPT
NA18643	CHB
NA18983	JPT
NA18648	CHB
NA18988	JPT
NA18749	CHB
NA18990	JPT
NA18995	JPT
NA18852	YRI
NA19001	JPT
NA18857	YRI
NA19006	JPT
NA18864	YRI
NA10852	CEU
NA18869	YRI
NA10857	CEU
NA18871	YRI
NA10864	CEU
NA12335	CEU
NA11829	CEU
NA12342	CEU
NA11831	CEU
NA12347	CEU
NA11843	CEU
NA12400	CEU
NA11881	CEU
NA11893	CEU
NA12739	CEU
NA11918	CEU
NA12753	CEU
NA11920	CEU
NA12760	CEU
NA11932	CEU
NA12777	CEU
NA11994	CEU
NA18965	JPT
NA12005	CEU
NA18972	JPT
NA12043	CEU
NA18977	JPT
NA18577	CHB
NA18984	JPT
NA18591	CHB
NA18989	JPT
NA18596	CHB
NA18991	JPT
NA18609	CHB
NA19002	JPT
NA18611	CHB
NA19007	JPT
NA18616	CHB
NA19019	LWK
NA18623	CHB
NA19026	LWK
NA18628	CHB
NA06984	CEU
NA18630	CHB
NA06989	CEU
NA18635	CHB
NA06991	CEU
NA18642	CHB
NA07014	CEU
NA18647	CHB
NA07019	CEU
NA18748	CHB
NA07045	CEU
NA18856	YRI
NA07348	CEU
NA12752	CEU
NA10839	CEU
NA12776	CEU
NA10846	CEU
NA12815	CEU
NA12827	CEU
NA19103	YRI
NA12865	CEU
NA19108	YRI
NA12872	CEU
NA19115	YRI
NA12877	CEU
NA19122	YRI
NA12889	CEU
NA19127	YRI
NA12891	CEU
NA19139	YRI
NA18488	YRI
NA19141	YRI
NA12144	CEU
NA19146	YRI
NA12156	CEU
NA19153	YRI
NA12264	CEU
NA19160	YRI
NA12283	CEU
NA19172	YRI
NA12341	CEU
NA19177	YRI
NA12485	CEU
NA19184	YRI
NA12707	CEU
NA19189	YRI
NA12740	CEU
NA19191	YRI
NA07051	CEU
NA19312	LWK
NA07056	CEU
NA19317	LWK
NA07347	CEU
NA19324	LWK
NA10838	CEU
NA19331	LWK
NA10840	CEU
NA19350	LWK
NA10845	CEU
NA19355	LWK
HG04222	ITU
NA19374	LWK
HG04227	STU
NA19379	LWK
HG04239	ITU
NA06995	CEU
NA19393	LWK
NA07037	CEU
NA18863	YRI
NA19401	LWK
NA18868	YRI
NA18870	YRI
NA19437	LWK
NA18875	YRI
NA18907	YRI
NA19449	LWK
NA18914	YRI
NA19451	LWK
NA19140	YRI
NA19456	LWK
NA19145	YRI
NA19463	LWK
NA19152	YRI
NA19468	LWK
NA19171	YRI
NA19176	YRI
NA19475	LWK
NA19190	YRI
NA19653	MXL
NA19658	MXL
NA19203	YRI
NA19660	MXL
NA19208	YRI
NA19665	MXL
NA19210	YRI
NA19215	YRI
NA19222	YRI
NA19747	MXL
NA19239	YRI
NA19258	YRI
NA19759	MXL
NA19309	LWK
NA19761	MXL
NA19316	LWK
NA19773	MXL
NA19323	LWK
NA19778	MXL
NA19328	LWK
NA19780	MXL
NA19347	LWK
NA19785	MXL
NA19792	MXL
NA19378	LWK
NA19836	ASW
NA19380	LWK
NA19901	ASW
NA19385	LWK
NA19913	ASW
NA19397	LWK
NA19918	ASW
NA19429	LWK
NA19920	ASW
NA19431	LWK
NA19982	ASW
NA19436	LWK
NA20129	ASW
NA19443	LWK
NA20282	ASW
NA19448	LWK
NA19677	MXL
NA19455	LWK
NA19684	MXL
NA19462	LWK
NA19704	ASW
NA19467	LWK
NA19711	ASW
NA19474	LWK
NA19716	MXL
NA19652	MXL
NA19723	MXL
NA19657	MXL
NA19728	MXL
NA19664	MXL
NA19730	MXL
NA19669	MXL
NA19735	MXL
NA19671	MXL
NA19676	MXL
NA19204	YRI
NA19020	LWK
NA19209	YRI
NA19025	LWK
NA19211	YRI
NA19037	LWK
NA19223	YRI
NA19235	YRI
NA19056	JPT
NA19247	YRI
NA19063	JPT
NA19068	JPT
NA19038	LWK
NA19070	JPT
NA19057	JPT
NA19075	JPT
NA19064	JPT
NA19082	JPT
NA19076	JPT
NA19087	JPT
NA19083	JPT
NA19828	ASW
NA19088	JPT
NA19835	ASW
NA19090	JPT
NA19900	ASW
NA19095	YRI
NA20287	ASW
NA19917	ASW
NA20294	ASW
NA19924	ASW
NA20299	ASW
NA20128	ASW
NA20274	ASW
NA20314	ASW
NA20279	ASW
NA20281	ASW
NA20321	ASW
NA19746	MXL
NA20340	ASW
NA19758	MXL
NA20787	TSI
NA19760	MXL
NA20799	TSI
NA19772	MXL
NA20802	TSI
NA19777	MXL
NA20807	TSI
NA19784	MXL
NA20814	TSI
NA19789	MXL
NA20819	TSI
NA19796	MXL
NA20821	TSI
NA19094	YRI
NA20826	TSI
NA19099	YRI
NA20845	GIH
NA19102	YRI
NA20852	GIH
NA19107	YRI
NA19114	YRI
NA20357	ASW
NA19119	YRI
NA19121	YRI
NA20504	TSI
NA19138	YRI
NA20509	TSI
NA19683	MXL
NA20511	TSI
NA19703	ASW
NA20516	TSI
NA20528	TSI
NA19722	MXL
NA20530	TSI
NA19727	MXL
NA20535	TSI
NA19734	MXL
NA20542	TSI
NA19741	MXL
NA20585	TSI
NA20298	ASW
NA20756	TSI
NA20763	TSI
NA20768	TSI
NA20318	ASW
NA20770	TSI
NA20320	ASW
NA20775	TSI
NA20332	ASW
NA20864	GIH
NA20869	GIH
NA20876	GIH
NA20351	ASW
NA20356	ASW
NA20908	GIH
NA20910	GIH
NA21088	GIH
NA20503	TSI
NA21090	GIH
NA20508	TSI
NA21095	GIH
NA20510	TSI
NA20888	GIH
NA20515	TSI
NA20890	GIH
NA20522	TSI
NA20895	GIH
NA20786	TSI
NA20903	GIH
NA20798	TSI
NA20801	TSI
NA20806	TSI
NA20813	TSI
NA20818	TSI
NA20832	TSI
NA21127	GIH
NA20849	GIH
NA20851	GIH
NA21141	GIH
NA20856	GIH
NA21103	GIH
NA21126	GIH
NA21108	GIH
NA21133	GIH
NA21110	GIH
NA21115	GIH
NA20527	TSI
NA21122	GIH
NA20534	TSI
NA20539	TSI
NA20541	TSI
NA20589	TSI
NA20755	TSI
NA20762	TSI
NA20767	TSI
NA20774	TSI
NA21102	GIH
NA21107	GIH
NA21114	GIH
NA21119	GIH
NA20863	GIH
NA20868	GIH
NA20870	GIH
NA20875	GIH
NA20882	GIH
NA21087	GIH
NA21094	GIH
NA21099	GIH
NA20887	GIH
NA20894	GIH
NA20899	GIH
NA20902	GIH
HG00142	GBR
HG00138	GBR
HG00154	GBR
HG00140	GBR
HG00159	GBR
HG00145	GBR
HG00173	FIN
HG00178	FIN
HG00157	GBR
HG00180	FIN
HG00171	FIN
HG00185	FIN
HG00176	FIN
HG00231	GBR
HG00183	FIN
HG00236	GBR
HG00188	FIN
HG00243	GBR
HG00190	FIN
HG00234	GBR
HG00250	GBR
HG00239	GBR
HG00255	GBR
HG00246	GBR
HG00262	GBR
HG00253	GBR
HG00267	FIN
HG00258	GBR
HG00274	FIN
HG00260	GBR
HG00281	FIN
HG00265	GBR
HG00306	FIN
HG00272	FIN
HG00313	FIN
HG00277	FIN
HG00318	FIN
HG00501	CHS
HG00320	FIN
HG00513	CHS
HG00325	FIN
HG00525	CHS
HG00332	FIN
HG00532	CHS
HG00337	FIN
HG00537	CHS
HG00344	FIN
HG00544	CHS
HG00349	FIN
HG00551	PUR
HG00351	FIN
HG00556	CHS
HG00356	FIN
HG00582	CHS
HG00368	FIN
HG00378	FIN
HG00375	FIN
HG00380	FIN
HG00096	GBR
HG00405	CHS
HG00429	CHS
HG00109	GBR
HG00436	CHS
HG00111	GBR
HG00443	CHS
HG00116	GBR
HG00448	CHS
HG00123	GBR
HG00450	CHS
HG00128	GBR
HG00474	CHS
HG00130	GBR
HG00479	CHS
HG00284	FIN
HG00304	FIN
HG00309	FIN
HG00311	FIN
HG00323	FIN
HG00328	FIN
HG00330	FIN
HG00335	FIN
HG00342	FIN
HG00361	FIN
HG00366	FIN
HG00373	FIN
HG00594	CHS
HG00599	CHS
HG00607	CHS
HG00614	CHS
HG00382	FIN
HG00619	CHS
HG00407	CHS
HG00621	CHS
HG00419	CHS
HG00626	CHS
HG00421	CHS
HG00438	CHS
HG00638	PUR
HG00445	CHS
HG00099	GBR
HG00452	CHS
HG00102	GBR
HG00457	CHS
HG00107	GBR
HG00464	CHS
HG00114	GBR
HG00476	CHS
HG00119	GBR
HG00729	CHS
HG00121	GBR
HG00731	PUR
HG00126	GBR
HG00736	PUR
HG00133	GBR
HG00743	PUR
HG00844	CDX
HG00851	CDX
HG00640	PUR
HG01094	PUR
HG00652	CHS
HG01099	PUR
HG00657	CHS
HG01102	PUR
HG00664	CHS
HG01107	PUR
HG00671	CHS
HG01114	CLM
HG01119	CLM
HG00683	CHS
HG01121	CLM
HG00690	CHS
HG01126	CLM
HG00703	CHS
HG01133	CLM
HG00708	CHS
HG01138	CLM
HG01148	CLM
HG01140	CLM
HG01150	CLM
HG00534	CHS
HG01162	PUR
HG00553	PUR
HG01167	PUR
HG00558	CHS
HG01174	PUR
HG00560	CHS
HG01198	PUR
HG00565	CHS
HG01206	PUR
HG00577	CHS
HG01249	PUR
HG00584	CHS
HG01251	CLM
HG00589	CHS
HG01326	PUR
HG00642	PUR
HG01345	CLM
HG00654	CHS
HG01352	CLM
HG00673	CHS
HG01357	CLM
HG00685	CHS
HG00692	CHS
HG01369	CLM
HG00700	CHS
HG01092	PUR
HG00705	CHS
HG01097	PUR
HG00717	CHS
HG01100	PUR
HG00591	CHS
HG01105	PUR
HG00596	CHS
HG01112	CLM
HG00609	CHS
HG01124	CLM
HG00611	CHS
HG01131	CLM
HG00623	CHS
HG01136	CLM
HG00628	CHS
HG01028	CDX
HG00630	CHS
HG01047	PUR
HG00635	CHS
HG01054	PUR
HG01049	PUR
HG01061	PUR
HG01051	PUR
HG01066	PUR
HG01056	PUR
HG01073	PUR
HG01063	PUR
HG01080	PUR
HG01068	PUR
HG01085	PUR
HG01070	PUR
HG01376	CLM
HG01075	PUR
HG01383	CLM
HG01082	PUR
HG01390	CLM
HG01087	PUR
HG01395	PUR
HG01164	PUR
HG01403	PUR
HG01169	PUR
HG01171	PUR
HG01439	CLM
HG01176	PUR
HG01441	CLM
HG01183	PUR
HG01188	PUR
HG01465	CLM
HG01190	PUR
HG00734	PUR
HG00739	PUR
HG01241	PUR
HG00741	PUR
HG01253	CLM
HG01258	CLM
HG01256	CLM
HG01260	CLM
HG01275	CLM
HG01272	CLM
HG01302	PUR
HG01277	CLM
HG01284	CLM
HG01311	PUR
HG01489	CLM
HG01323	PUR
HG01491	CLM
HG01342	CLM
HG01496	CLM
HG01347	CLM
HG01504	IBS
HG01354	CLM
HG01597	KHV
HG01359	CLM
HG01600	KHV
HG01361	CLM
HG01605	IBS
HG01366	CLM
HG01612	IBS
HG01474	CLM
HG01509	IBS
HG01479	CLM
HG01511	IBS
HG01516	IBS
HG01486	CLM
HG01523	IBS
HG01493	CLM
HG01528	IBS
HG01498	CLM
HG01530	IBS
HG01501	IBS
HG01617	IBS
HG01614	IBS
HG01624	IBS
HG01619	IBS
HG01629	IBS
HG01621	IBS
HG01631	IBS
HG01626	IBS
HG01667	IBS
HG01633	IBS
HG01674	IBS
HG01669	IBS
HG01566	PEL
HG01671	IBS
HG01573	PEL
HG01378	CLM
HG01578	PEL
HG01385	CLM
HG01679	IBS
HG01392	PUR
HG01681	IBS
HG01686	IBS
HG01405	PUR
HG01698	IBS
HG01412	PUR
HG01701	IBS
HG01768	IBS
HG01599	KHV
HG01770	IBS
HG01602	IBS
HG01775	IBS
HG01607	IBS
HG01782	IBS
HG01506	IBS
HG01513	IBS
HG01706	IBS
HG01518	IBS
HG01756	IBS
HG01520	IBS
HG01763	IBS
HG01525	IBS
HG01794	CDX
HG01532	IBS
HG01799	CDX
HG01537	IBS
HG01802	CDX
HG01551	CLM
HG01807	CDX
HG01556	CLM
HG01888	ACB
HG01431	CLM
HG01890	ACB
HG01443	CLM
HG01895	ACB
HG01455	CLM
HG01915	ACB
HG01462	CLM
HG01922	PEL
HG01676	IBS
HG01953	PEL
HG01683	IBS
HG01958	ACB
HG01695	IBS
HG01960	ACB
HG01979	PEL
HG01965	PEL
HG01981	PEL
HG01972	PEL
HG01986	ACB
HG01977	PEL
HG01993	PEL
HG01984	PEL
HG01998	PEL
HG01989	ACB
HG01892	PEL
HG01991	PEL
HG01897	ACB
HG02002	PEL
HG01912	ACB
HG02014	ACB
HG01917	PEL
HG02019	KHV
HG01924	PEL
HG01866	KHV
HG02026	KHV
HG01873	KHV
HG01927	PEL
HG01878	KHV
HG01934	PEL
HG01880	ACB
HG01939	PEL
HG01885	ACB
HG01941	PEL
HG01772	IBS
HG01946	PEL
HG01777	IBS
HG01864	KHV
HG01784	IBS
HG01869	KHV
HG01789	GBR
HG01871	KHV
HG01703	IBS
HG01883	ACB
HG01708	IBS
HG02064	KHV
HG01710	IBS
HG02069	KHV
HG01746	IBS
HG02071	KHV
HG01765	IBS
HG02076	KHV
HG01791	GBR
HG02040	KHV
HG00139	GBR
HG01796	CDX
HG02052	ACB
HG00141	GBR
HG01804	CDX
HG02057	KHV
HG00146	GBR
HG01809	CDX
HG01840	KHV
HG01811	CDX
HG01845	KHV
HG00158	GBR
HG01950	PEL
HG01852	KHV
HG00160	GBR
HG01955	PEL
HG01857	KHV
HG00177	FIN
HG01967	PEL
HG02083	KHV
HG00189	FIN
HG01974	PEL
HG02088	KHV
HG00235	GBR
HG01936	PEL
HG02090	PEL
HG00242	GBR
HG01943	PEL
HG02095	ACB
HG01948	PEL
HG02108	ACB
HG00254	GBR
HG01816	CDX
HG02273	PEL
HG00259	GBR
HG01842	KHV
HG02278	PEL
HG00261	GBR
HG01847	KHV
HG02280	ACB
HG00266	FIN
HG01859	KHV
HG02285	PEL
HG00273	FIN
HG01861	KHV
HG02292	PEL
HG00278	FIN
HG02004	PEL
HG02300	PEL
HG00379	FIN
HG02009	ACB
HG02122	KHV
HG00381	FIN
HG02011	ACB
HG02127	KHV
HG00406	CHS
HG02016	KHV
HG02134	KHV
HG00418	CHS
HG02023	KHV
HG02139	KHV
HG00420	CHS
HG02028	KHV
HG02141	KHV
HG00437	CHS
HG02030	KHV
HG02146	PEL
HG00444	CHS
HG02035	KHV
HG02235	IBS
HG00449	CHS
HG02047	KHV
HG00451	CHS
HG02054	ACB
HG02259	PEL
HG00463	CHS
HG02059	KHV
HG02261	PEL
HG00475	CHS
HG02061	KHV
HG02266	PEL
HG00280	FIN
HG02073	KHV
HG02343	ACB
HG00285	FIN
HG02078	KHV
HG02348	PEL
HG02080	KHV
HG02355	CDX
HG00324	FIN
HG02275	PEL
HG02367	CDX
HG00329	FIN
HG02282	ACB
HG02374	CDX
HG00331	FIN
HG02287	PEL
HG02379	CDX
HG00336	FIN
HG02299	PEL
HG02184	CDX
HG00343	FIN
HG02302	PEL
HG00350	FIN
HG02307	ACB
HG02223	IBS
HG00355	FIN
HG02314	ACB
HG02230	IBS
HG00362	FIN
HG02321	ACB
HG00367	FIN
HG02181	CDX
HG02386	CDX
HG00103	GBR
HG02186	CDX
HG02398	CDX
HG00108	GBR
HG02401	CDX
HG00110	GBR
HG02220	IBS
HG02406	CDX
HG00115	GBR
HG02225	IBS
HG02312	PEL
HG00122	GBR
HG02148	PEL
HG02317	ACB
HG00127	GBR
HG02150	PEL
HG02153	CDX
HG02155	CDX
HG02165	CDX
HG02179	CDX
HG02603	PJL
HG02129	KHV
HG02610	GWD
HG02131	KHV
HG02615	GWD
HG02136	KHV
HG02622	GWD
HG02143	ACB
HG02634	GWD
HG02232	IBS
HG02646	GWD
HG02237	IBS
HG02653	PJL
HG00502	CHS
HG02256	ACB
HG02735	PJL
HG00514	CHS
HG02345	PEL
HG02759	GWD
HG00526	CHS
HG02364	CDX
HG02761	GWD
HG00533	CHS
HG02371	CDX
HG02773	GWD
HG00538	CHS
HG02085	KHV
HG02778	PJL
HG00552	PUR
HG02105	PEL
HG02780	PJL
HG00557	CHS
HG02600	PJL
HG02785	PJL
HG00583	CHS
HG02605	PJL
HG02691	PJL
HG00590	CHS
HG02612	GWD
HG02696	PJL
HG00639	PUR
HG02624	GWD
HG02704	GWD
HG00641	PUR
HG02629	GWD
HG02716	GWD
HG00653	CHS
HG02636	GWD
HG02723	GWD
HG00658	CHS
HG02643	GWD
HG02728	PJL
HG00672	CHS
HG02648	PJL
HG02557	ACB
HG00684	CHS
HG02650	PJL
HG02569	GWD
HG00689	CHS
HG02554	ACB
HG02571	GWD
HG00691	CHS
HG02583	GWD
HG00704	CHS
HG02561	GWD
HG02588	GWD
HG00709	CHS
HG02573	GWD
HG02590	GWD
HG02580	ACB
HG02595	GWD
HG01029	CDX
HG02585	GWD
HG02792	PJL
HG01031	CDX
HG02597	PJL
HG02800	GWD
HG01048	PUR
HG02655	PJL
HG02805	GWD
HG01050	PUR
HG02662	PJL
HG02812	GWD
HG01055	PUR
HG02667	GWD
HG02817	GWD
HG01062	PUR
HG02679	GWD
HG02836	GWD
HG01067	PUR
HG02681	PJL
HG02420	ACB
HG01074	PUR
HG02686	PJL
HG02425	PEL
HG01079	PUR
HG02465	GWD
HG02449	ACB
HG01081	PUR
HG02477	ACB
HG02451	ACB
HG01086	PUR
HG02484	ACB
HG02463	GWD
HG00728	CHS
HG02489	ACB
HG02658	PJL
HG02491	PJL
HG02660	PJL
HG00735	PUR
HG02737	PJL
HG02677	GWD
HG00742	PUR
HG02756	GWD
HG02684	PJL
HG00759	CDX
HG02763	GWD
HG02689	PJL
HG00766	CDX
HG02768	GWD
HG02502	ACB
HG00867	CDX
HG02770	GWD
HG02514	KHV
HG00879	CDX
HG02775	PJL
HG02521	KHV
HG00881	CDX
HG02408	CDX
HG02526	KHV
HG00956	CDX
HG02410	CDX
HG02545	ACB
HG00982	CDX
HG02470	ACB
HG02427	ACB
HG02494	PJL
HG02439	ACB
HG02855	GWD
HG01334	GBR
HG02496	ACB
HG02862	GWD
HG01341	CLM
HG02511	ACB
HG02879	GWD
HG01346	CLM
HG02523	KHV
HG02881	GWD
HG01353	CLM
HG02886	GWD
HG01358	CLM
HG02383	CDX
HG02944	ESN
HG01360	CLM
HG02982	GWD
HG01365	CLM
HG02390	CDX
HG03012	BEB
HG01149	CLM
HG02395	CDX
HG03017	PJL
HG01168	PUR
HG02698	PJL
HG03024	GWD
HG01170	PUR
HG02701	PJL
HG03029	GWD
HG01175	PUR
HG02725	PJL
HG03048	GWD
HG01182	PUR
HG02984	GWD
HG03050	GWD
HG01187	PUR
HG03007	BEB
HG03055	MSL
HG01199	PUR
HG03019	PJL
HG01252	CLM
HG03021	PJL
HG03238	PJL
HG00595	CHS
HG03026	GWD
HG03240	GWD
HG00608	CHS
HG03033	GWD
HG03074	MSL
HG00610	CHS
HG03040	GWD
HG03079	MSL
HG00615	CHS
HG03045	GWD
HG03081	MSL
HG00622	CHS
HG02840	GWD
HG03086	MSL
HG00627	CHS
HG02852	GWD
HG03098	MSL
HG00634	CHS
HG02869	GWD
HG03101	ESN
HG01098	PUR
HG02871	GWD
HG03168	ESN
HG01101	PUR
HG02883	GWD
HG03170	ESN
HG01106	PUR
HG02888	GWD
HG03175	ESN
HG01113	CLM
HG02890	GWD
HG01125	CLM
HG02895	GWD
HG03199	ESN
HG01137	CLM
HG02922	ESN
HG03202	ESN
HG01257	CLM
HG03113	ESN
HG01269	CLM
HG02941	ESN
HG03118	ESN
HG01271	CLM
HG02787	PJL
HG03120	ESN
HG01276	CLM
HG02794	PJL
HG03125	ESN
HG01303	PUR
HG02799	GWD
HG03132	ESN
HG01308	PUR
HG02807	GWD
HG03137	ESN
HG01531	IBS
HG02814	GWD
HG03163	ESN
HG01536	IBS
HG02819	GWD
HG02968	ESN
HG01550	CLM
HG02821	GWD
HG02970	ESN
HG01567	PEL
HG02838	GWD
HG02975	ESN
HG01579	PEL
HG03172	ESN
HG03478	MSL
HG01586	PJL
HG03189	ESN
HG03480	MSL
HG01593	PJL
HG03191	ESN
HG03485	MSL
HG01372	CLM
HG03196	ESN
HG03492	PJL
HG01377	CLM
HG03209	MSL
HG03606	BEB
HG01384	CLM
HG03228	PJL
HG03618	PJL
HG01389	CLM
HG02946	ESN
HG03620	PJL
HG01391	CLM
HG02953	ESN
HG03625	PJL
HG01396	PUR
HG02965	ESN
HG03454	MSL
HG02972	ESN
HG02977	ESN
HG03461	MSL
HG01435	CLM
HG03052	MSL
HG03057	MSL
HG03473	MSL
HG01447	CLM
HG03064	MSL
HG03517	ESN
HG03069	MSL
HG03548	MSL
HG01459	CLM
HG03567	MSL
HG01461	CLM
HG03088	MSL
HG03574	MSL
HG01466	CLM
HG03095	MSL
HG01505	IBS
HG03103	ESN
HG03372	ESN
HG01512	IBS
HG03108	ESN
HG01517	IBS
HG03110	ESN
HG03391	MSL
HG01524	IBS
HG03115	ESN
HG03269	ESN
HG01529	IBS
HG03122	ESN
HG03271	ESN
HG03127	ESN
HG03295	ESN
HG03134	ESN
HG03303	ESN
HG01485	CLM
HG03139	ESN
HG03579	MSL
HG01492	CLM
HG03593	BEB
HG01497	CLM
HG03160	ESN
HG03598	BEB
HG01500	IBS
HG03538	GWD
HG01618	IBS
HG03540	GWD
HG03428	MSL
HG01620	IBS
HG03557	MSL
HG03442	MSL
HG01625	IBS
HG03308	ESN
HG01632	IBS
HG03310	ESN
HG01668	IBS
HG03571	MSL
HG01670	IBS
HG03576	MSL
HG01675	IBS
HG03230	PJL
HG03699	PJL
HG01598	KHV
HG03235	PJL
HG03702	PJL
HG01601	IBS
HG03242	GWD
HG03707	PJL
HG01606	IBS
HG03247	GWD
HG03714	ITU
HG01613	IBS
HG03259	GWD
HG03719	ITU
HG01682	IBS
HG03721	ITU
HG01687	IBS
HG03487	PJL
HG03644	STU
HG01694	IBS
HG03499	ESN
HG03649	PJL
HG01699	IBS
HG03514	ESN
HG03651	PJL
HG01702	IBS
HG03519	ESN
HG01707	IBS
HG03521	ESN
HG03663	PJL
HG01757	IBS
HG03583	MSL
HG03668	PJL
HG02003	PEL
HG03595	BEB
HG03788	ITU
HG02008	PEL
HG03603	BEB
HG03790	ITU
HG02010	ACB
HG03615	BEB
HG03795	BEB
HG02015	KHV
HG03374	ESN
HG03803	BEB
HG02027	KHV
HG03757	STU
HG01771	IBS
HG03771	ITU
HG01776	IBS
HG03401	MSL
HG03834	BEB
HG01783	IBS,MSL
HG03312	ESN
HG03846	STU
HG01790	GBR
HG03343	ESN
HG03858	STU
HG01978	PEL
HG03350	ESN
HG03808	BEB
HG01980	PEL
HG03815	BEB
HG01985	ACB
HG03367	ESN
HG01992	PEL
HG03432	MSL
HG03682	STU
HG01997	PEL
HG03437	MSL
HG03687	STU
HG01889	ACB
HG03449	MSL
HG03694	STU
HG01891	ACB
HG03451	MSL
HG03733	STU
HG01896	ACB
HG03280	ESN
HG03738	STU
HG01916	ACB
HG03297	ESN
HG03740	STU
HG01923	PEL
HG03300	ESN
HG03745	STU
HG01841	KHV
HG03305	ESN
HG03752	STU
HG01846	KHV
HG03456	MSL
HG03872	ITU
HG01853	KHV
HG03884	STU
HG01858	KHV
HG03470	MSL
HG01860	KHV
HG03812	BEB
HG04200	ITU
HG01954	PEL
HG03817	BEB
HG04212	ITU
HG01959	ACB
HG03824	BEB
HG04217	ITU
HG01961	PEL
HG03829	BEB
HG03896	STU
HG01973	PEL
HG03831	BEB
HG03904	BEB
HG01928	PEL
HG03836	STU
HG03909	BEB
HG01935	PEL
HG03704	PJL
HG03911	BEB
HG01942	PEL
HG03709	PJL
HG03916	BEB
HG01947	PEL
HG03711	STU
HG03992	STU
HG01865	KHV
HG03716	ITU
HG04003	STU
HG01872	KHV
HG04015	ITU
HG01884	ACB
HG03730	ITU
HG04022	ITU
HG01795	CDX
HG03742	ITU
HG04161	BEB
HG01808	CDX
HG03754	STU
HG04173	BEB
HG01810	CDX
HG03761	PJL
HG04180	BEB
HG01815	CDX
HG04185	BEB
HG02084	KHV
HG03773	ITU
HG04192	BEB
HG02089	PEL
HG03778	ITU
HG04135	BEB
HG02091	PEL
HG03780	ITU
HG04142	BEB
HG02104	PEL
HG03785	ITU
HG04147	BEB
HG02111	ACB
HG03792	ITU
HG04159	BEB
HG02116	KHV
HG03797	BEB
HG03928	BEB
HG02274	PEL
HG03800	BEB
HG03930	BEB
HG02279	PEL
HG03805	BEB
HG03942	BEB
HG02281	ACB
HG03646	STU
HG04039	STU
HG02286	PEL
HG03653	PJL
HG02293	PEL
HG03660	PJL
HG02298	PEL
HG03672	STU
HG04060	ITU
HG02236	IBS
HG03684	STU
HG03947	STU
HG02250	CDX
HG03689	STU
HG03973	ITU
HG02255	ACB
HG03691	STU
HG03978	ITU
HG02262	PEL
HG03696	STU
HG03985	STU
HG03634	PJL
HG04096	ITU
HG02147	PEL
HG03639	PJL
HG02154	CDX
HG03641	PJL
NA18606	CHB
HG02166	CDX
HG03848	STU
NA18613	CHB
HG03850	STU
NA18618	CHB
HG02178	CDX
HG03862	ITU
NA18620	CHB
HG02180	CDX
HG03867	ITU
NA18625	CHB
HG02185	CDX
HG04036	STU
NA18632	CHB
NA18637	CHB
HG02224	IBS
NA18644	CHB
HG02229	IBS
HG04062	ITU
NA18740	CHB
HG02231	IBS
NA18745	CHB
HG02301	PEL
HG04093	ITU
NA18757	CHB
HG02318	ACB
HG04098	ITU
HG02325	ACB
HG04106	STU
NA18853	YRI
HG02332	ACB
HG04118	ITU
NA18858	YRI
HG02337	ACB
HG04132	BEB
NA18860	YRI
HG04175	BEB
NA12766	CEU
HG02053	ACB
HG04182	BEB
NA12778	CEU
HG02058	KHV
HG04187	BEB
NA12812	CEU
HG02060	KHV
HG04194	BEB
NA12817	CEU
HG02128	KHV
HG04199	STU
NA12829	CEU
HG02130	KHV
HG03925	BEB
NA12843	CEU
HG02135	KHV
HG03937	BEB
NA12874	CEU
HG02142	KHV
HG03944	STU
NA18485	YRI
HG02072	KHV
HG03949	STU
NA18497	YRI
HG02077	KHV
HG03999	STU
NA18500	YRI
HG02604	PJL
HG04017	ITU
NA18505	YRI
HG02611	GWD
NA18517	YRI
HG02623	GWD
HG04029	STU
NA18531	CHB
HG02628	GWD
HG03874	ITU
NA18536	CHB
HG02630	GWD
NA18543	CHB
HG02635	GWD
HG03886	STU
NA18548	CHB
HG02642	GWD
HG03898	STU
NA18550	CHB
HG02647	GWD
HG04144	BEB
NA18555	CHB
HG02654	PJL
HG04149	BEB
NA18562	CHB
HG02659	PJL
HG04151	BEB
NA18567	CHB
HG02661	PJL
HG04156	BEB
NA18574	CHB
HG02666	GWD
NA18579	CHB
HG02678	GWD
HG03906	BEB
NA18593	CHB
HG02680	GWD
HG03913	BEB
NA12273	CEU
HG02685	PJL
HG03920	BEB
NA12329	CEU
HG02692	PJL
HG03951	STU
NA12336	CEU
HG02697	PJL
HG03963	ITU
NA12343	CEU
HG02700	PJL
HG03968	ITU
NA12348	CEU
HG02717	GWD
NA12386	CEU
HG02724	PJL
NA18521	YRI
NA12413	CEU
HG02729	PJL
NA18526	CHB
NA12716	CEU
HG02731	PJL
NA18533	CHB
NA12761	CEU
HG02464	GWD
NA18538	CHB
NA18865	YRI
HG02471	ACB
NA18545	CHB
NA18872	YRI
HG02476	ACB
NA18552	CHB
NA18877	YRI
HG02490	PJL
NA18557	CHB
NA18909	YRI
HG02495	PJL
NA18564	CHB
NA18911	YRI
HG02558	ACB
NA18571	CHB
NA18916	YRI
HG02572	GWD
NA18923	YRI
HG02577	ACB
NA18595	CHB
NA18930	YRI
HG02584	GWD
NA18603	CHB
NA18935	YRI
HG02589	GWD
NA18608	CHB
NA18942	JPT
HG02596	GWD
NA18610	CHB
NA18947	JPT
NA18615	CHB
NA18954	JPT
HG02351	CDX
NA18622	CHB
NA18959	JPT
HG02356	CDX
NA18627	CHB
NA18961	JPT
NA10863	CEU
NA18966	JPT
HG02375	CDX
NA11830	CEU
NA18973	JPT
HG02508	ACB
NA11892	CEU
NA18978	JPT
HG02522	KHV
NA11917	CEU
NA18980	JPT
HG02541	ACB
NA11931	CEU
NA18985	JPT
HG02546	ACB
NA11993	CEU
NA18992	JPT
HG02382	CDX
NA12004	CEU
NA18997	JPT
NA12155	CEU
NA19003	JPT
HG02394	CDX
NA12249	CEU
NA19010	JPT
HG02399	CDX
NA12275	CEU
HG04229	STU
HG02402	CDX
NA12282	CEU
HG02407	CDX
NA12287	CEU
NA06985	CEU
HG02419	ACB
NA12340	CEU
NA06997	CEU
HG02433	ACB
NA12376	CEU
NA07022	CEU
HG02445	ACB
NA12383	CEU
NA07034	CEU
HG02786	PJL
NA12489	CEU
NA10859	CEU
HG02793	PJL
NA12718	CEU
NA10861	CEU
HG02798	GWD
NA12749	CEU
NA11840	CEU
HG02806	GWD
NA12751	CEU
NA12045	CEU
HG02813	GWD
NA12763	CEU
NA12057	CEU
HG02818	GWD
NA12775	CEU
NA12146	CEU
HG02820	GWD
NA12802	CEU
NA07349	CEU
HG02837	GWD
NA12814	CEU
NA10830	CEU
HG02851	GWD
NA10835	CEU
HG02983	GWD
NA06994	CEU
NA10842	CEU
HG03006	BEB
NA07000	CEU
NA10847	CEU
HG03018	PJL
NA07029	CEU
NA10854	CEU
HG03025	GWD
NA07031	CEU
NA19027	LWK
HG02856	GWD
NA07048	CEU
NA19041	LWK
HG02870	GWD
NA07055	CEU
HG02882	GWD
NA07346	CEU
NA19058	JPT
HG02887	GWD
NA07435	CEU
NA19060	JPT
HG02938	ESN
NA12864	CEU
NA19065	JPT
HG02945	ESN
NA12890	CEU
NA19072	JPT
HG02736	PJL
NA18487	YRI
NA19077	JPT
HG02762	GWD
NA18499	YRI
NA19084	JPT
HG02774	PJL
NA18502	YRI
NA19089	JPT
NA18507	YRI
NA19091	JPT
NA18519	YRI
NA19705	ASW
HG03049	GWD
NA18634	CHB
NA19712	ASW
HG03056	MSL
NA18639	CHB
NA19717	MXL
HG03063	MSL
NA18641	CHB
NA19724	MXL
NA18646	CHB
NA19729	MXL
HG03114	ESN
NA18747	CHB
NA19731	MXL
HG03119	ESN
NA18855	YRI
NA19748	MXL
HG03121	ESN
NA18862	YRI
NA19750	MXL
HG03126	ESN
NA18867	YRI
NA19755	MXL
HG02952	ESN
NA18874	YRI
NA19762	MXL
HG02964	ESN
NA18879	YRI
NA19147	YRI
NA18881	YRI
NA19154	YRI
HG02971	ESN
NA18906	YRI
NA19159	YRI
HG02976	ESN
NA18913	YRI
NA19161	YRI
HG03133	ESN
NA18925	YRI
NA18944	JPT
NA19173	YRI
HG03157	ESN
NA18949	JPT
NA19185	YRI
HG03164	ESN
NA18951	JPT
NA19197	YRI
HG03082	MSL
NA18956	JPT
NA19200	YRI
HG03099	ESN
NA18963	JPT
NA19205	YRI
HG03234	PJL
NA10837	CEU
NA19471	LWK
HG03239	PJL
NA10851	CEU
NA19654	MXL
HG03241	GWD
NA10856	CEU
NA19659	MXL
HG03246	GWD
HG04202	ITU
NA19661	MXL
HG03258	GWD
HG04214	ITU
NA19678	MXL
HG03260	GWD
HG04219	ITU
NA19680	MXL
HG03265	ESN
HG04238	ITU
NA19685	MXL
HG03518	ESN
NA19199	YRI
NA19700	ASW
HG03520	ESN
NA19202	YRI
NA19375	LWK
NA19207	YRI
HG03556	MSL
NA19214	YRI
NA19394	LWK
HG03563	MSL
NA19221	YRI
NA19399	LWK
NA19226	YRI
NA19438	LWK
HG03479	MSL
NA19238	YRI
NA19440	LWK
HG03486	MSL
NA19240	YRI
NA19445	LWK
NA19452	LWK
NA19257	YRI
NA19457	LWK
HG03366	ESN
NA19308	LWK
HG03373	ESN
NA19310	LWK
NA19224	YRI
HG03378	MSL
NA19031	LWK
NA19236	YRI
HG03380	MSL
NA19036	LWK
NA19248	YRI
HG03385	MSL
NA19043	LWK
HG03169	ESN
NA19055	JPT
NA19318	LWK
NA19062	JPT
NA19320	LWK
NA19067	JPT
NA19332	LWK
HG03190	ESN
NA19074	JPT
NA19351	LWK
HG03195	ESN
NA19079	JPT
NA19914	ASW
NA19081	JPT
NA19919	ASW
HG03309	ESN
NA19086	JPT
NA19921	ASW
HG03311	ESN
NA19093	YRI
NA19983	ASW
HG03342	ESN
NA19098	YRI
NA20276	ASW
HG03354	ESN
NA19101	YRI
NA19315	LWK
HG03272	ESN
NA19327	LWK
HG03291	ESN
NA19334	LWK
NA19096	YRI
HG03296	ESN
NA19346	LWK
HG03304	ESN
NA19360	LWK
NA19109	YRI
HG03397	MSL
NA19372	LWK
NA19116	YRI
NA19377	LWK
NA19123	YRI
HG03436	MSL
NA19384	LWK
NA19128	YRI
NA19391	LWK
NA19130	YRI
HG03455	MSL
NA19142	YRI
NA19404	LWK
NA19774	MXL
HG03607	BEB
NA19428	LWK
NA19779	MXL
HG03619	PJL
NA19430	LWK
NA19781	MXL
NA19435	LWK
NA19786	MXL
HG03626	PJL
NA19454	LWK
HG03633	PJL
NA19461	LWK
NA19818	ASW
NA19466	LWK
NA19902	ASW
HG03575	MSL
NA19473	LWK
NA20358	ASW
HG03582	MSL
NA19625	ASW
NA19649	MXL
NA20505	TSI
HG03594	BEB
NA19651	MXL
NA20512	TSI
NA19656	MXL
NA20517	TSI
NA19663	MXL
NA20524	TSI
HG03683	STU
NA19670	MXL
NA20529	TSI
HG03688	STU
NA19675	MXL
NA20531	TSI
HG03690	STU
NA18968	JPT
NA20536	TSI
HG03695	STU
NA18970	JPT
NA20543	TSI
HG03640	PJL
NA18975	JPT
NA20581	TSI
HG03645	STU
NA18982	JPT
NA20586	TSI
HG03652	PJL
NA18987	JPT
NA20752	TSI
NA18994	JPT
NA20757	TSI
HG03669	PJL
NA18999	JPT
NA20764	TSI
HG03722	ITU
NA19000	JPT
NA20769	TSI
HG03727	ITU
NA19005	JPT
NA20771	TSI
HG03741	STU
NA19012	JPT
NA20783	TSI
HG03746	STU
NA19017	LWK
NA20790	TSI
HG03753	STU
NA19024	LWK
NA20795	TSI
HG03703	PJL
NA19682	MXL
NA20803	TSI
HG03708	PJL
NA19702	ASW
NA20808	TSI
HG03710	PJL
NA19707	ASW
NA20810	TSI
NA20815	TSI
HG03760	STU
NA19719	MXL
NA20822	TSI
HG03765	PJL
NA19721	MXL
NA21135	GIH
HG03772	ITU
NA19726	MXL
NA21142	GIH
HG03777	ITU
NA19733	MXL
HG03809	BEB
NA19740	MXL
HG03816	BEB
NA19113	YRI
NA20334	ASW
HG03823	BEB
NA19118	YRI
NA20339	ASW
HG03830	BEB
NA19120	YRI
HG03784	ITU
NA19132	YRI
NA20346	ASW
HG03789	ITU
NA19137	YRI
NA20891	GIH
HG03796	BEB
NA19144	YRI
NA20896	GIH
HG03804	BEB
NA19149	YRI
NA20904	GIH
NA19151	YRI
HG03950	STU
NA19175	YRI
NA20911	GIH
HG03955	STU
NA19752	MXL
NA21109	GIH
HG03967	ITU
NA19757	MXL
NA21111	GIH
HG03974	ITU
NA19764	MXL
NA21116	GIH
NA19771	MXL
NA21123	GIH
NA19776	MXL
NA21128	GIH
NA19783	MXL
NA21130	GIH
HG03854	STU
NA19788	MXL
NA20827	TSI
HG03861	ITU
NA19790	MXL
NA20846	GIH
NA19795	MXL
NA20853	GIH
HG03929	BEB
NA19834	ASW
NA20858	GIH
HG03931	BEB
NA19904	ASW
NA20872	GIH
HG03943	STU
NA19909	ASW
NA20877	GIH
HG03897	STU
NA19916	ASW
NA20884	GIH
HG03900	STU
NA19923	ASW
NA20889	GIH
HG03905	BEB
NA21089	GIH
HG03917	BEB
NA20127	ASW
NA21091	GIH
HG04035	STU
NA20278	ASW
NA21104	GIH
HG04042	STU
HG04047	STU
NA20533	TSI
HG04054	ITU
NA20538	TSI
HG04059	ITU
NA20540	TSI
HG04061	ITU
NA20588	TSI
HG04080	ITU
NA20754	TSI
HG04100	STU
NA20759	TSI
HG04131	BEB
NA20761	TSI
HG04136	BEB
NA20766	TSI
HG04148	BEB
NA20773	TSI
HG04150	BEB
NA20778	TSI
HG04155	BEB
NA20785	TSI
HG03866	ITU
HG03873	ITU
NA20348	ASW
HG03885	STU
HG03986	STU
NA20355	ASW
HG03998	STU
NA20362	ASW
HG04023	ITU
NA18599	CHB
NA20502	TSI
NA18602	CHB
NA20507	TSI
NA18614	CHB
NA20514	TSI
NA18619	CHB
NA20519	TSI
NA18621	CHB
NA20521	TSI
NA18626	CHB
NA20792	TSI
NA18633	CHB
NA20797	TSI
NA18638	CHB
NA20800	TSI
NA18640	CHB
NA20805	TSI
NA18645	CHB
NA20812	TSI
NA18854	YRI
NA18859	YRI
NA20850	GIH
NA18861	YRI
NA21125	GIH
NA12248	CEU
NA21137	GIH
NA12274	CEU
NA21144	GIH
NA12286	CEU
NA12344	CEU
NA12399	CEU
NA12414	CEU
NA12546	CEU
NA12717	CEU
NA12748	CEU
NA20317	ASW
NA12750	CEU
NA12762	CEU
NA20862	GIH
NA18506	YRI
NA20867	GIH
NA18518	YRI
NA20874	GIH
NA18520	YRI
NA18525	CHB
NA20881	GIH
NA18532	CHB
NA20886	GIH
NA18537	CHB
NA18544	CHB
NA18549	CHB
NA20901	GIH
NA18563	CHB
NA20906	GIH
NA18570	CHB
NA21086	GIH
NA18582	CHB
NA21093	GIH
NA12767	CEU
NA21098	GIH
NA12801	CEU
NA21101	GIH
NA12813	CEU
NA21106	GIH
NA12818	CEU
NA21113	GIH
NA12832	CEU
NA21118	GIH
NA12875	CEU
NA21120	GIH
NA18486	YRI
NA18498	YRI
NA18501	YRI
NA10855	CEU
NA11839	CEU
NA11891	CEU
NA11930	CEU
NA11992	CEU
NA12003	CEU
NA12046	CEU
NA12058	CEU
NA12154	CEU
NA07345	CEU
NA07357	CEU
NA10831	CEU
NA10836	CEU
NA10843	CEU
NA06986	CEU
NA06993	CEU
HG04162	BEB
HG04174	BEB
HG04186	BEB
HG04193	BEB
HG04198	ITU
HG04206	ITU
HG04225	ITU
NA19023	LWK
NA19028	LWK
NA19030	LWK
NA19035	LWK
NA19042	LWK
NA19054	JPT
NA19059	JPT
NA19066	JPT
NA19078	JPT
NA19080	JPT
NA19085	JPT
NA19092	YRI
NA19472	LWK
NA19648	MXL
NA19650	MXL
NA19655	MXL
NA19662	MXL
NA19679	MXL
NA19681	MXL
NA19686	MXL
NA19701	ASW
NA19376	LWK
NA19383	LWK
NA19390	LWK
NA19395	LWK
NA19403	LWK
NA19434	LWK
NA19439	LWK
NA19446	LWK
NA18948	JPT
NA18950	JPT
NA18962	JPT
NA18967	JPT
NA18974	JPT
NA18979	JPT
NA18981	JPT
NA18986	JPT
NA18993	JPT
NA18998	JPT
NA19004	JPT
NA19009	JPT
NA19011	JPT
NA19213	YRI
NA19225	YRI
NA19237	YRI
NA19249	YRI
NA19256	YRI
NA19307	LWK
NA19314	LWK
NA19319	LWK
NA19321	LWK
NA19338	LWK
NA19713	ASW
NA19718	MXL
NA19720	MXL
NA19725	MXL
NA19732	MXL
NA19749	MXL
NA19751	MXL
NA19756	MXL
NA19143	YRI
NA19148	YRI
NA19150	YRI
NA19174	YRI
NA19186	YRI
NA19198	YRI
NA19201	YRI
NA19206	YRI
NA18873	YRI
NA18878	YRI
NA18912	YRI
NA18917	YRI
NA18924	YRI
NA18943	JPT
NA19097	YRI
NA19100	YRI
NA19117	YRI
NA19129	YRI
NA19131	YRI
NA20359	ASW
NA20412	ASW
NA20506	TSI
NA20513	TSI
NA20518	TSI
NA20520	TSI
NA20525	TSI
NA20532	TSI
NA20544	TSI
NA20582	TSI
NA20587	TSI
NA20753	TSI
NA20758	TSI
NA20760	TSI
NA20765	TSI
NA20772	TSI
NA20796	TSI
NA20804	TSI
NA20809	TSI
NA20811	TSI
NA19763	MXL
NA19770	MXL
NA19775	MXL
NA19782	MXL
NA19787	MXL
NA19794	MXL
NA19819	ASW
NA19908	ASW
NA19922	ASW
NA19984	ASW
NA20126	ASW
NA20289	ASW
NA20291	ASW
NA20296	ASW
NA20828	TSI
NA20847	GIH
NA20854	GIH
NA20859	GIH
NA20861	GIH
NA20866	GIH
NA20342	ASW
NA20892	GIH
NA20897	GIH
NA20900	GIH
NA20905	GIH
NA21092	GIH
NA21097	GIH
NA21100	GIH
NA21105	GIH
NA20878	GIH
NA20885	GIH
NA21143	GIH
NA21112	GIH
NA21117	GIH
NA21124	GIH
NA21129	GIH
NA12236	CEU
